Date,Symbol,Series,Prev Close,Open,High,Low,Last,Close,VWAP,Volume,Turnover,Trades,Deliverable Volume,%Deliverble
2020-01-01,20MICRONS,EQ,35.2,36.0,36.8,35.25,35.65,35.8,35.96,49077,176457710000.0,370,36031,0.7342000000000001
2020-01-02,20MICRONS,EQ,35.8,36.0,36.2,35.1,35.8,35.55,35.51,25846,91766355000.0,247,17500,0.6770999999999999
2020-01-03,20MICRONS,EQ,35.55,35.85,35.85,34.95,35.2,35.05,35.32,12358,43654150000.0,241,9896,0.8008
2020-01-06,20MICRONS,EQ,35.05,35.5,35.5,32.2,34.1,32.8,33.33,42082,140280060000.0,802,18839,0.44770000000000004
2020-01-07,20MICRONS,EQ,32.8,32.35,34.8,32.35,33.3,33.2,33.73,24770,83553535000.0,604,10394,0.41960000000000003
2020-01-08,20MICRONS,EQ,33.2,33.0,33.4,32.3,32.75,32.7,32.69,25706,84032870000.0,451,13820,0.5376
2020-01-09,20MICRONS,EQ,32.7,33.2,34.0,33.1,33.7,33.4,33.62,19395,65202205000.00001,858,14188,0.7315
2020-01-10,20MICRONS,EQ,33.4,33.45,34.9,33.45,34.25,34.3,34.25,30558,104649880000.0,664,19514,0.6386000000000001
2020-01-13,20MICRONS,EQ,34.3,34.9,36.9,33.3,35.85,35.9,35.63,55975,199455525000.0,1316,23114,0.4129
2020-01-14,20MICRONS,EQ,35.9,35.85,36.9,35.2,36.5,36.05,36.2,42338,153268995000.0,923,19770,0.467
2020-01-15,20MICRONS,EQ,36.05,36.8,36.8,35.5,36.2,36.05,36.2,17254,62463769999.99999,230,11208,0.6496
2020-01-16,20MICRONS,EQ,36.05,35.3,36.5,34.5,35.6,35.55,35.72,28097,100367630000.0,493,16091,0.5727000000000001
2020-01-17,20MICRONS,EQ,35.55,36.25,36.25,34.8,35.0,35.05,35.35,33478,118330795000.0,332,26907,0.8037000000000001
2020-01-20,20MICRONS,EQ,35.05,34.75,36.0,34.2,34.25,34.35,34.94,22341,78067260000.0,439,15431,0.6907
2020-01-21,20MICRONS,EQ,34.35,34.35,35.5,33.3,34.3,34.25,34.41,18479,63589225000.0,204,12695,0.687
2020-01-22,20MICRONS,EQ,34.25,35.15,35.35,33.35,33.4,33.5,33.79,34294,115881130000.0,1029,23110,0.6739
2020-01-23,20MICRONS,EQ,33.5,33.85,34.2,33.4,33.7,33.7,33.7,10578,35652505000.0,222,7577,0.7162999999999999
2020-01-24,20MICRONS,EQ,33.7,33.45,38.0,33.45,36.8,36.5,36.63,201248,737165790000.0,1964,105617,0.5247999999999999
2020-01-27,20MICRONS,EQ,36.5,37.65,37.65,36.0,36.0,36.15,36.53,40850,149241185000.0,398,26859,0.6575
2020-01-28,20MICRONS,EQ,36.15,36.55,36.95,35.15,36.5,36.0,36.24,41787,151445070000.0,505,29093,0.6962
2020-01-29,20MICRONS,EQ,36.0,36.0,36.3,35.0,35.4,35.15,35.56,12632,44921870000.0,146,10533,0.8338
2020-01-30,20MICRONS,EQ,35.15,35.6,36.0,34.1,35.0,34.7,35.12,22212,78001500000.0,371,11966,0.5387
2020-01-31,20MICRONS,EQ,34.7,35.0,35.85,34.7,35.0,34.9,35.15,23186,81488475000.0,507,11572,0.4991
2020-02-01,20MICRONS,EQ,34.9,35.15,35.4,33.5,33.5,33.75,34.2,23771,81304080000.0,366,10917,0.4593
2020-02-03,20MICRONS,EQ,33.75,34.5,34.85,33.5,34.15,34.45,34.43,13398,46134295000.0,304,9613,0.7175
2020-02-04,20MICRONS,EQ,34.45,34.7,35.5,34.0,34.8,34.8,34.84,19419,67646480000.00001,328,13808,0.7111
2020-02-05,20MICRONS,EQ,34.8,35.2,35.2,34.2,35.0,34.9,34.75,37037,128701400000.0,503,27193,0.7342000000000001
2020-02-06,20MICRONS,EQ,34.9,34.35,35.75,33.5,34.35,34.3,34.81,26322,91617915000.0,285,15357,0.5834
2020-02-07,20MICRONS,EQ,34.3,34.95,35.0,33.55,34.1,34.15,34.2,34810,119061439999.99998,245,29688,0.8529000000000001
2020-02-10,20MICRONS,EQ,34.15,34.45,35.75,33.75,34.0,33.85,34.21,21994,75231980000.0,301,13310,0.6052000000000001
2020-02-11,20MICRONS,EQ,33.85,34.3,35.25,33.15,34.0,34.05,34.16,29870,102030015000.0,260,22283,0.746
2020-02-12,20MICRONS,EQ,34.05,33.3,35.7,33.3,34.25,34.5,34.74,70278,244120095000.00003,581,34026,0.4842
2020-02-13,20MICRONS,EQ,34.5,35.2,35.75,34.55,35.2,35.35,35.24,90381,318458875000.0,1560,72774,0.8052
2020-02-14,20MICRONS,EQ,35.35,35.95,35.95,34.7,35.0,34.8,35.08,16456,57719894999.99999,250,10210,0.6204
2020-02-17,20MICRONS,EQ,34.8,35.1,35.5,33.4,33.4,33.5,33.92,22503,76326895000.0,355,18172,0.8075
2020-02-18,20MICRONS,EQ,33.5,33.5,33.5,32.75,32.75,32.95,33.16,18324,60766725000.0,236,15650,0.8541
2020-02-19,20MICRONS,EQ,32.95,33.3,34.1,32.65,33.0,32.9,33.06,20318,67171550000.0,517,10697,0.5265
2020-02-20,20MICRONS,EQ,32.9,33.0,35.15,32.3,34.55,34.45,34.33,29579,101552805000.0,1283,16107,0.5445000000000001
2020-02-24,20MICRONS,EQ,34.45,34.55,34.8,33.8,34.0,33.85,34.15,11210,38286505000.0,199,6791,0.6058
2020-02-25,20MICRONS,EQ,33.85,33.2,34.0,33.2,33.2,33.5,33.55,6770,22711385000.0,113,5290,0.7814
2020-02-26,20MICRONS,EQ,33.5,33.9,33.9,33.0,33.65,33.5,33.46,11548,38638630000.0,266,7137,0.618
2020-02-27,20MICRONS,EQ,33.5,33.3,34.45,32.5,33.0,32.8,32.94,23551,77576115000.0,229,17024,0.7229000000000001
2020-02-28,20MICRONS,EQ,32.8,33.0,33.0,31.0,32.0,31.2,31.66,30794,97492150000.0,358,20873,0.6778000000000001
2020-03-02,20MICRONS,EQ,31.2,31.6,32.6,30.15,30.25,31.15,31.58,30895,97581195000.0,292,20953,0.6781999999999999
2020-03-03,20MICRONS,EQ,31.15,31.2,32.25,30.85,31.1,31.1,31.33,13324,41740295000.0,180,8542,0.6411
2020-03-04,20MICRONS,EQ,31.1,31.15,31.4,30.0,30.9,30.25,30.56,18843,57579810000.0,373,12634,0.6705
2020-03-05,20MICRONS,EQ,30.25,31.0,31.2,30.4,30.95,30.8,30.86,9134,28184034999.999996,203,4197,0.4595
2020-03-06,20MICRONS,EQ,30.8,31.2,31.55,27.45,29.7,29.65,29.5,24678,72803225000.0,337,15580,0.6313000000000001
2020-03-09,20MICRONS,EQ,29.65,30.0,30.0,26.85,28.0,27.7,28.06,35489,99577965000.0,2974,28112,0.7920999999999999
2020-03-11,20MICRONS,EQ,27.7,28.25,28.25,24.65,26.5,26.85,26.64,63808,170010730000.0,810,38123,0.5975
2020-03-12,20MICRONS,EQ,26.85,26.0,28.7,21.5,24.15,22.65,23.48,99199,232879229999.99997,1347,68889,0.6945
2020-03-13,20MICRONS,EQ,22.65,19.45,24.7,19.45,24.65,24.15,22.63,63349,143354360000.0,790,43043,0.6795
2020-03-16,20MICRONS,EQ,24.15,25.0,25.4,22.5,23.5,22.95,23.73,44496,105580245000.0,497,18990,0.4268
2020-03-17,20MICRONS,EQ,22.95,24.75,27.45,22.85,24.75,24.55,24.8,87834,217848085000.0,1022,42668,0.4858
2020-03-18,20MICRONS,EQ,24.55,26.45,26.8,21.4,22.05,23.05,24.57,40179,98711230000.0,683,22910,0.5702
2020-03-19,20MICRONS,EQ,23.05,22.95,24.8,21.05,22.55,22.25,21.24,411131,873361019999.9999,677,380867,0.9264
2020-03-20,20MICRONS,EQ,22.25,22.6,24.0,21.5,22.0,22.6,22.56,31165,70316815000.0,485,13259,0.4254
2020-03-23,20MICRONS,EQ,22.6,21.8,22.85,19.0,19.8,19.9,20.95,29446,61690410000.0,854,20783,0.7058
2020-03-24,20MICRONS,EQ,19.9,21.0,21.0,19.0,20.0,20.15,20.22,13014,26313320000.0,346,7710,0.5924
2020-03-25,20MICRONS,EQ,20.15,20.95,22.4,19.1,19.8,20.0,20.51,59284,121619660000.00002,538,44994,0.7590000000000001
2020-03-26,20MICRONS,EQ,20.0,19.85,22.75,19.15,21.7,21.75,21.08,51356,108242425000.0,540,30623,0.5963
2020-03-27,20MICRONS,EQ,21.75,22.5,23.95,21.6,23.6,23.15,22.62,69833,157933495000.0,1532,42051,0.6022
2020-03-30,20MICRONS,EQ,23.15,23.15,24.5,20.25,24.4,24.3,23.16,82872,191913400000.0,671,46831,0.5651
2020-03-31,20MICRONS,EQ,24.3,26.25,26.3,24.5,25.5,25.55,25.41,278064,706478185000.0,545,255802,0.9198999999999999
2020-04-01,20MICRONS,EQ,25.55,26.2,26.2,24.15,24.5,24.55,25.3,27658,69960935000.0,378,13329,0.4819
2020-04-03,20MICRONS,EQ,24.55,25.0,25.55,23.2,24.4,24.45,24.22,18990,45987025000.0,340,7501,0.395
2020-04-07,20MICRONS,EQ,24.45,25.0,27.95,24.6,27.1,27.5,26.87,138494,372181125000.0,1396,50664,0.3658
2020-04-08,20MICRONS,EQ,27.5,27.9,29.0,25.9,25.9,26.2,27.24,80527,219382054999.99997,1099,49609,0.6161
2020-04-09,20MICRONS,EQ,26.2,27.8,27.8,26.05,26.55,26.6,26.61,36003,95786600000.0,469,22843,0.6345000000000001
2020-04-13,20MICRONS,EQ,26.6,26.5,28.0,25.0,26.15,26.2,26.23,40392,105957195000.0,561,29415,0.7282
2020-04-15,20MICRONS,EQ,26.2,26.6,31.4,25.6,27.7,27.85,28.22,75893,214166520000.00003,1098,44034,0.5802
2020-04-16,20MICRONS,EQ,27.85,28.0,28.65,24.65,26.8,26.8,26.59,87254,231999500000.0,986,43507,0.4986
2020-04-17,20MICRONS,EQ,26.8,28.8,29.0,26.8,28.6,28.75,27.82,81116,225664845000.00003,808,44983,0.5546
2020-04-20,20MICRONS,EQ,28.75,32.7,33.5,30.9,32.6,33.15,32.52,396939,1290774245000.0,3564,193664,0.4879
2020-04-21,20MICRONS,EQ,33.15,33.0,33.0,30.0,30.5,30.2,30.87,130105,401640665000.0,1943,74986,0.5763
2020-04-22,20MICRONS,EQ,30.2,31.5,31.5,28.35,29.4,29.65,29.23,54137,158228405000.0,584,35222,0.6506000000000001
2020-04-23,20MICRONS,EQ,29.65,31.0,31.35,29.15,29.85,29.75,30.42,61027,185629250000.0,512,38947,0.6382
2020-04-24,20MICRONS,EQ,29.75,29.7,30.5,27.75,28.25,28.2,29.06,49522,143915965000.0,616,26302,0.5311
2020-04-27,20MICRONS,EQ,28.2,29.15,29.4,28.3,28.65,28.75,28.76,22616,65053485000.0,306,12924,0.5715
2020-04-28,20MICRONS,EQ,28.75,28.2,30.0,27.9,29.0,29.05,28.84,77278,222872890000.0,483,26921,0.34840000000000004
2020-04-29,20MICRONS,EQ,29.05,29.7,29.8,29.1,29.25,29.3,29.36,36343,106701230000.0,294,21042,0.579
2020-04-30,20MICRONS,EQ,29.3,29.95,30.0,28.65,29.0,29.05,29.47,38288,112830585000.00002,281,28808,0.7524
2020-05-04,20MICRONS,EQ,29.05,28.85,28.85,27.15,27.7,27.95,27.89,16867,47050040000.0,209,11542,0.6843000000000001
2020-05-05,20MICRONS,EQ,27.95,29.0,29.0,27.2,27.5,27.45,28.03,24465,68568919999.99999,266,14598,0.5967
2020-05-06,20MICRONS,EQ,27.45,27.5,27.9,27.0,27.05,27.05,27.2,14464,39343445000.0,184,12057,0.8336
2020-05-07,20MICRONS,EQ,27.05,27.5,27.9,26.15,27.45,27.4,27.18,21167,57540310000.0,239,10849,0.5125
2020-05-08,20MICRONS,EQ,27.4,27.6,27.95,26.5,26.95,26.7,27.2,14536,39544555000.0,243,8761,0.6027
2020-05-11,20MICRONS,EQ,26.7,26.15,27.65,26.15,26.6,26.8,27.04,15391,41613815000.0,233,8613,0.5596
2020-05-12,20MICRONS,EQ,26.8,26.6,26.95,26.0,26.35,26.2,26.24,18101,47501070000.0,298,12930,0.7143
2020-05-13,20MICRONS,EQ,26.2,27.65,27.65,25.65,26.25,26.2,26.22,81881,214716604999.99997,619,55979,0.6837000000000001
2020-05-14,20MICRONS,EQ,26.2,26.0,26.45,25.7,25.75,25.8,25.95,19306,50097330000.0,384,12470,0.6459
2020-05-15,20MICRONS,EQ,25.8,26.0,26.5,25.75,26.2,26.1,26.04,25232,65711005000.00001,369,18167,0.72
2020-05-18,20MICRONS,EQ,26.1,26.25,26.25,25.05,25.4,25.15,25.52,32865,83879045000.0,506,20050,0.6101
2020-05-19,20MICRONS,EQ,25.15,25.5,25.65,24.6,24.85,24.85,24.97,14217,35500680000.0,322,8017,0.5639000000000001
2020-05-20,20MICRONS,EQ,24.85,25.4,25.75,24.75,24.85,24.9,25.06,30354,76060010000.0,431,15989,0.5268
2020-05-21,20MICRONS,EQ,24.9,25.5,25.85,25.05,25.65,25.55,25.5,16907,43115210000.0,541,6712,0.397
2020-05-22,20MICRONS,EQ,25.55,26.0,26.4,25.0,25.75,25.8,25.48,17957,45749260000.0,430,11387,0.6341
2020-05-26,20MICRONS,EQ,25.8,26.4,26.4,25.1,25.6,25.45,25.54,25472,65050525000.0,504,11256,0.44189999999999996
2020-05-27,20MICRONS,EQ,25.45,25.9,26.0,25.35,25.65,25.6,25.68,18033,46316485000.0,257,13475,0.7472
2020-05-28,20MICRONS,EQ,25.6,25.95,26.65,25.65,25.95,26.1,26.06,22319,58152425000.0,283,13554,0.6073
2020-05-29,20MICRONS,EQ,26.1,26.6,26.65,25.65,26.5,26.15,26.17,21799,57045165000.0,420,11218,0.5146000000000001
2020-06-01,20MICRONS,EQ,26.15,27.0,27.5,26.3,27.0,26.9,26.97,35038,94488015000.0,497,23295,0.6648000000000001
2020-06-02,20MICRONS,EQ,26.9,26.9,27.85,26.9,27.65,27.5,27.48,38619,106126070000.0,444,25815,0.6685
2020-06-03,20MICRONS,EQ,27.5,29.0,29.2,27.75,28.95,28.85,28.75,93636,269204050000.0,825,64064,0.6842
2020-06-04,20MICRONS,EQ,28.85,29.0,29.75,27.65,28.75,28.3,28.78,37241,107168214999.99998,568,21254,0.5707
2020-06-05,20MICRONS,EQ,28.3,29.25,30.0,28.7,29.9,29.5,29.44,77986,229621165000.0,626,52620,0.6747
2020-06-08,20MICRONS,EQ,29.5,31.0,32.3,30.75,31.8,31.75,31.73,204437,648671885000.0,1636,117829,0.5764
2020-06-09,20MICRONS,EQ,31.75,30.5,30.5,29.0,29.3,29.4,29.66,111274,329984280000.0,944,78693,0.7072
2020-06-10,20MICRONS,EQ,29.4,30.0,30.5,28.5,29.5,29.15,29.25,45866,134151100000.0,522,28879,0.6296
2020-06-11,20MICRONS,EQ,29.15,29.7,29.75,27.7,28.1,28.1,28.65,46329,132726095000.0,535,35358,0.7632
2020-06-12,20MICRONS,EQ,28.1,26.05,28.45,26.05,28.05,28.05,27.44,40671,111600525000.0,463,28986,0.7127
2020-06-15,20MICRONS,EQ,28.05,28.05,30.8,27.6,30.35,30.15,29.58,115420,341423520000.0,799,78013,0.6759000000000001
2020-06-16,20MICRONS,EQ,30.15,32.2,34.8,30.35,31.35,31.55,33.04,694243,2293561190000.0,3826,302609,0.43590000000000007
2020-06-17,20MICRONS,EQ,31.55,31.55,32.5,28.75,30.25,30.15,30.13,148172,446415280000.0,1486,80265,0.5417000000000001
2020-06-18,20MICRONS,EQ,30.15,31.45,31.7,29.0,30.95,30.45,30.56,116825,357012445000.0,1765,47885,0.40990000000000004
2020-06-19,20MICRONS,EQ,30.45,30.9,33.5,30.7,31.1,31.3,31.62,88615,280183260000.0,1011,54707,0.6174000000000001
2020-06-22,20MICRONS,EQ,31.3,32.2,33.7,30.75,33.5,33.05,32.41,213131,690844765000.0,2034,127710,0.5992000000000001
2020-06-23,20MICRONS,EQ,33.05,36.4,36.4,32.6,33.55,34.05,35.26,570884,2012920130000.0,3167,266092,0.5751
2020-06-24,20MICRONS,EQ,34.05,35.3,35.3,32.0,32.4,32.25,33.09,139523,461682040000.00006,1748,78035,0.5593
2020-06-25,20MICRONS,EQ,32.25,32.0,32.15,30.75,31.45,31.35,31.51,70713,222827925000.0,757,39113,0.5531
2020-06-26,20MICRONS,EQ,31.35,31.8,33.0,31.6,32.75,32.3,32.27,55990,180652520000.0,639,28823,0.5147999999999999
2020-06-29,20MICRONS,EQ,32.3,33.0,35.0,32.4,34.3,34.45,33.89,241641,818981845000.0,1526,134317,0.5559000000000001
2020-06-30,20MICRONS,EQ,34.45,34.7,35.1,32.0,33.25,32.4,33.78,232866,786585300000.0,1623,137057,0.5886
2020-07-01,20MICRONS,EQ,32.4,32.75,33.75,32.35,32.75,32.5,32.74,54083,177083320000.0,586,38938,0.72
2020-07-02,20MICRONS,EQ,32.5,34.25,34.25,31.15,32.4,32.5,32.6,80877,263666604999.99997,1029,40986,0.5068
2020-07-03,20MICRONS,EQ,32.5,33.45,33.45,32.1,32.4,32.25,32.51,59235,192554675000.0,623,36110,0.6096
2020-07-06,20MICRONS,EQ,32.25,32.75,34.2,32.2,32.85,33.2,33.08,167877,555369455000.0,1155,77553,0.462
2020-07-07,20MICRONS,EQ,33.2,33.55,33.55,32.0,32.2,32.2,32.35,76551,247623835000.0,817,51099,0.6675
2020-07-08,20MICRONS,EQ,32.2,32.2,32.8,32.05,32.2,32.25,32.43,42889,139089500000.0,500,26094,0.6084
2020-07-09,20MICRONS,EQ,32.25,32.3,32.75,31.65,32.05,32.0,32.28,38573,124497810000.00002,483,24146,0.626
2020-07-10,20MICRONS,EQ,32.0,31.85,34.5,31.5,32.4,32.3,32.49,37441,121664439999.99998,404,20362,0.5438000000000001
2020-07-13,20MICRONS,EQ,32.3,32.85,33.85,31.85,33.85,33.45,33.03,187303,618728570000.0,1382,91345,0.4877
2020-07-14,20MICRONS,EQ,33.45,33.45,33.75,31.25,31.25,31.85,32.6,133417,434969265000.00006,1305,79247,0.594
2020-07-15,20MICRONS,EQ,31.85,32.1,32.7,31.5,31.8,31.8,32.06,47493,152255235000.0,579,24961,0.5256000000000001
2020-07-16,20MICRONS,EQ,31.8,32.35,32.45,30.25,30.75,31.0,31.25,44393,138746020000.0,535,35262,0.7943000000000001
2020-07-17,20MICRONS,EQ,31.0,31.1,32.0,31.1,31.65,31.35,31.5,35504,111836910000.00002,558,19076,0.5373
2020-07-20,20MICRONS,EQ,31.35,31.5,32.55,31.25,32.15,31.85,31.77,38816,123314295000.0,562,22100,0.5694
2020-07-21,20MICRONS,EQ,31.85,32.4,32.4,30.35,30.85,31.1,31.28,73109,228684270000.00003,755,40003,0.5472
2020-07-22,20MICRONS,EQ,31.1,31.45,31.5,30.5,30.6,30.55,30.72,40117,123244545000.0,455,26672,0.6648999999999999
2020-07-23,20MICRONS,EQ,30.55,30.4,31.65,30.0,31.65,30.55,30.61,54835,167831285000.0,461,37005,0.6748000000000001
2020-07-24,20MICRONS,EQ,30.55,30.6,31.95,30.0,30.35,31.25,30.92,148509,459218530000.0,1177,64729,0.43590000000000007
2020-07-27,20MICRONS,EQ,31.25,31.0,31.25,29.25,30.25,30.3,29.83,99504,296799630000.0,1199,46919,0.4715
2020-07-28,20MICRONS,EQ,30.3,30.4,31.35,29.5,30.3,30.35,30.35,48987,148695425000.0,718,26018,0.5311
2020-07-29,20MICRONS,EQ,30.35,30.7,30.7,29.7,29.8,29.9,30.14,34883,105127700000.0,676,20234,0.5801
2020-07-30,20MICRONS,EQ,29.9,30.3,30.4,28.85,29.0,29.15,29.34,119773,351368030000.0,982,88850,0.7418000000000001
2020-07-31,20MICRONS,EQ,29.15,29.15,29.4,28.5,28.5,28.6,28.65,49903,142960460000.0,774,31975,0.6406999999999999
2020-08-03,20MICRONS,EQ,28.6,28.9,29.7,28.35,29.25,29.0,28.98,30745,89106295000.0,545,14734,0.4792
2020-08-04,20MICRONS,EQ,29.0,29.85,30.9,29.0,30.85,30.1,29.78,82530,245760500000.0,704,55121,0.6679
2020-08-05,20MICRONS,EQ,30.1,31.0,32.95,30.55,31.35,30.85,31.66,405044,1282540500000.0,2643,163667,0.40409999999999996
2020-08-06,20MICRONS,EQ,30.85,31.25,32.0,31.0,31.1,31.25,31.42,85365,268241485000.0,867,45082,0.5281
2020-08-07,20MICRONS,EQ,31.25,31.3,31.7,30.2,30.25,30.95,31.15,58585,182519200000.0,751,38521,0.6575
2020-08-10,20MICRONS,EQ,30.95,30.95,31.5,30.0,30.8,30.8,30.88,66354,204883650000.0,736,35396,0.5334000000000001
2020-08-11,20MICRONS,EQ,30.8,30.8,33.0,30.45,33.0,32.55,31.97,226143,723025875000.0,1565,150787,0.6668000000000001
2020-08-12,20MICRONS,EQ,32.55,34.4,36.5,33.2,33.7,33.95,35.02,1071404,3752242010000.0,5544,498711,0.46549999999999997
2020-08-13,20MICRONS,EQ,33.95,34.0,34.3,32.25,32.95,32.8,33.02,157695,520737855000.0,1803,92902,0.5891
2020-08-14,20MICRONS,EQ,32.8,32.5,33.1,30.5,31.1,30.85,31.56,218824,690577835000.0,1671,125667,0.5743
2020-08-17,20MICRONS,EQ,30.85,31.7,32.25,30.9,31.4,31.3,31.32,87776,274927665000.0,746,52618,0.5995
2020-08-18,20MICRONS,EQ,31.3,31.75,31.8,31.1,31.45,31.4,31.4,69203,217266515000.0,795,38454,0.5557
2020-08-19,20MICRONS,EQ,31.4,31.75,32.4,31.5,31.8,31.9,31.94,175441,560318600000.0,1116,99002,0.5643
2020-08-20,20MICRONS,EQ,31.9,31.9,32.2,31.1,31.8,31.75,31.7,87000,275775775000.0,817,56867,0.6536
2020-08-21,20MICRONS,EQ,31.75,31.5,32.95,31.5,31.85,31.75,31.94,109589,350032870000.0,590,70592,0.6442
2020-08-24,20MICRONS,EQ,31.75,32.25,32.25,31.5,31.5,31.55,31.79,74585,237123620000.00003,558,48181,0.6459999999999999
2020-08-25,20MICRONS,EQ,31.55,32.2,32.2,31.1,31.2,31.25,31.48,61837,194669070000.0,598,33411,0.5403
2020-08-26,20MICRONS,EQ,31.25,31.4,33.4,31.0,33.0,32.9,32.61,404573,1319436820000.0,2079,227228,0.5616
2020-08-27,20MICRONS,EQ,32.9,33.1,34.0,33.0,33.45,33.25,33.39,154505,515919375000.0,1130,116799,0.756
2020-08-28,20MICRONS,EQ,33.25,33.25,33.95,32.15,32.65,32.65,32.96,113087,372750430000.0,1052,68002,0.6013000000000001
2020-08-31,20MICRONS,EQ,32.65,33.0,33.0,30.2,31.1,30.95,31.35,103317,323890050000.0,937,79368,0.7682
2020-09-01,20MICRONS,EQ,30.95,31.35,31.35,30.0,30.4,30.35,30.36,38805,117793635000.00002,386,28661,0.7386
2020-09-02,20MICRONS,EQ,30.35,30.35,30.85,29.85,30.6,30.55,30.29,27234,82502090000.0,372,18322,0.6728000000000001
2020-09-03,20MICRONS,EQ,30.55,30.95,31.4,30.15,31.1,31.05,30.9,29409,90866650000.0,582,17926,0.6095
2020-09-04,20MICRONS,EQ,31.05,30.9,30.9,29.9,30.2,30.1,30.13,50185,151202005000.0,514,35538,0.7081000000000001
2020-09-07,20MICRONS,EQ,30.1,30.1,30.7,29.5,29.5,29.6,29.85,30928,92306785000.0,436,19635,0.6349
2020-09-08,20MICRONS,EQ,29.6,30.0,30.35,29.4,29.5,29.8,29.8,22837,68050985000.0,293,15332,0.6714
2020-09-09,20MICRONS,EQ,29.8,29.5,29.8,28.0,29.6,29.35,28.76,51841,149102610000.0,641,28064,0.5413
2020-09-10,20MICRONS,EQ,29.35,29.7,30.15,29.1,29.25,29.25,29.59,31573,93412750000.0,366,18299,0.5796
2020-09-11,20MICRONS,EQ,29.25,29.7,29.7,28.85,29.5,29.3,29.26,25694,75186970000.0,281,14493,0.5640999999999999
2020-09-14,20MICRONS,EQ,29.3,30.2,30.2,29.35,29.5,29.65,29.63,36379,107804725000.0,323,21336,0.5865
2020-09-15,20MICRONS,EQ,29.65,29.65,30.0,29.0,29.4,29.3,29.54,39843,117710239999.99998,363,23405,0.5874
2020-09-16,20MICRONS,EQ,29.3,29.7,30.0,29.15,29.8,29.7,29.7,24316,72222140000.0,263,13867,0.5703
2020-09-17,20MICRONS,EQ,29.7,29.75,29.85,29.15,29.3,29.35,29.49,26547,78285125000.0,271,16928,0.6377
2020-09-18,20MICRONS,EQ,29.35,29.35,29.7,29.0,29.05,29.1,29.24,27009,78962650000.0,246,18809,0.6964
2020-09-21,20MICRONS,EQ,29.1,28.75,29.5,28.1,28.1,28.25,28.77,47282,136045285000.00002,436,18446,0.3901
2020-09-22,20MICRONS,EQ,28.25,28.25,28.9,25.35,27.3,27.3,26.96,62817,169327095000.0,570,33474,0.5329
2020-09-23,20MICRONS,EQ,27.3,28.0,28.0,25.8,26.85,26.6,26.56,47391,125860950000.0,441,28008,0.5910000000000001
2020-09-24,20MICRONS,EQ,26.6,26.55,26.95,26.0,26.4,26.2,26.38,34570,91193570000.0,358,20554,0.5946
2020-09-25,20MICRONS,EQ,26.2,26.8,30.2,26.8,29.5,28.45,28.1,54368,152793485000.0,460,31523,0.5798
2020-09-28,20MICRONS,EQ,28.45,29.45,30.5,28.85,29.0,29.1,29.4,33196,97606630000.0,393,16822,0.5067
2020-09-29,20MICRONS,EQ,29.1,29.1,29.7,28.35,29.15,28.6,28.83,17085,49258095000.0,289,9484,0.5551
2020-09-30,20MICRONS,EQ,28.6,29.4,29.4,27.95,28.4,28.25,28.46,19378,55142119999.99999,353,10046,0.5184000000000001
2020-10-01,20MICRONS,EQ,28.25,28.4,28.9,28.3,28.5,28.5,28.57,21150,60426265000.0,216,13386,0.6329
2020-10-05,20MICRONS,EQ,28.5,29.3,29.3,27.85,28.15,28.1,28.27,39441,111502680000.0,296,24866,0.6305
2020-10-06,20MICRONS,EQ,28.1,28.55,28.55,27.3,28.5,28.1,28.16,32151,90534330000.0,242,15913,0.4949
2020-10-07,20MICRONS,EQ,28.1,28.5,28.5,28.0,28.5,28.2,28.26,23204,65570150000.0,221,18561,0.7998999999999999
2020-10-08,20MICRONS,EQ,28.2,28.75,28.75,27.9,27.9,27.95,28.1,19267,54144800000.0,218,12519,0.6498
2020-10-09,20MICRONS,EQ,27.95,27.95,28.35,27.3,27.5,27.6,27.66,23126,63973430000.00001,471,15111,0.6534000000000001
2020-10-12,20MICRONS,EQ,27.6,28.35,28.35,27.1,27.45,27.4,27.52,13169,36238890000.0,222,8969,0.6811
2020-10-13,20MICRONS,EQ,27.4,27.1,27.8,26.8,26.85,27.05,27.13,15148,41099770000.0,170,11576,0.7642
2020-10-14,20MICRONS,EQ,27.05,27.1,27.5,26.9,27.5,27.4,27.15,9034,24531405000.0,124,7066,0.7822
2020-10-15,20MICRONS,EQ,27.4,27.4,28.5,27.15,27.55,27.6,27.7,41568,115133820000.0,216,32583,0.7837999999999999
2020-10-16,20MICRONS,EQ,27.6,28.75,30.0,28.0,28.2,28.1,28.98,197828,573322280000.0,1305,70229,0.355
2020-10-19,20MICRONS,EQ,28.1,28.15,29.25,27.35,27.55,27.75,27.99,33671,94256445000.0,365,15894,0.47200000000000003
2020-10-20,20MICRONS,EQ,27.75,28.2,28.25,27.1,28.0,27.85,27.71,28219,78198890000.0,253,14134,0.5009
2020-10-21,20MICRONS,EQ,27.85,28.0,28.25,27.6,28.15,28.0,27.95,27214,76058095000.0,263,17128,0.6294
2020-10-22,20MICRONS,EQ,28.0,28.0,28.5,27.5,28.0,27.85,27.97,37547,105029410000.00002,335,28261,0.7526999999999999
2020-10-23,20MICRONS,EQ,27.85,27.5,28.45,27.5,28.15,27.95,28.04,21073,59079740000.0,256,12045,0.5716
2020-10-26,20MICRONS,EQ,27.95,28.4,28.4,27.4,27.75,27.65,27.87,13126,36577385000.0,222,7505,0.5718
2020-10-27,20MICRONS,EQ,27.65,27.9,28.2,27.1,27.4,27.45,27.42,12199,33449145000.0,207,5708,0.4679
2020-10-28,20MICRONS,EQ,27.45,27.8,27.8,27.0,27.0,27.1,27.25,23510,64072619999.99999,204,13216,0.5621
2020-10-29,20MICRONS,EQ,27.1,27.1,27.5,26.05,27.5,27.35,26.99,26050,70309295000.0,342,16719,0.6418
2020-10-30,20MICRONS,EQ,27.35,28.4,28.55,27.0,28.2,28.4,28.13,55022,154791365000.0,278,40405,0.7343000000000001
2020-11-02,20MICRONS,EQ,28.4,28.85,28.85,27.35,27.7,27.95,27.85,35759,99587930000.0,345,17498,0.4893
2020-11-03,20MICRONS,EQ,27.95,28.45,28.5,27.6,27.65,27.7,28.02,19528,54708890000.0,231,11623,0.5952000000000001
2020-11-04,20MICRONS,EQ,27.7,28.25,28.8,27.55,28.0,28.0,27.94,43935,122761585000.00002,326,23555,0.5361
2020-11-05,20MICRONS,EQ,28.0,28.65,28.8,27.85,28.8,28.55,28.28,44638,126254730000.0,359,33104,0.7415999999999999
2020-11-06,20MICRONS,EQ,28.55,28.85,30.5,28.15,30.3,29.9,29.71,178629,530632709999.99994,954,131403,0.7356
2020-11-09,20MICRONS,EQ,29.9,30.5,31.1,29.4,29.95,30.0,30.3,86354,261681329999.99997,612,52464,0.6075
2020-11-10,20MICRONS,EQ,30.0,30.8,30.8,29.3,30.3,30.15,30.02,69691,209210360000.0,575,39030,0.56
2020-11-11,20MICRONS,EQ,30.15,30.8,32.0,29.7,31.15,31.25,30.96,229881,711691740000.0,1258,129326,0.5626
2020-11-12,20MICRONS,EQ,31.25,31.0,32.55,30.45,30.6,30.7,31.32,163335,511641580000.0,1034,88949,0.5446
2020-11-13,20MICRONS,EQ,30.7,30.75,31.5,30.0,30.7,30.85,30.79,86281,265661604999.99997,438,63984,0.7415999999999999
2020-11-14,20MICRONS,EQ,30.85,30.95,31.5,28.45,31.45,30.95,30.37,34764,105571775000.0,279,12675,0.36460000000000004
2020-11-17,20MICRONS,EQ,30.95,32.0,32.15,30.85,31.5,31.25,31.34,31197,97779045000.0,385,18314,0.5870000000000001
2020-11-18,20MICRONS,EQ,31.25,31.8,32.25,31.0,31.35,31.55,31.52,68699,216567229999.99997,548,45207,0.658
2020-11-19,20MICRONS,EQ,31.55,31.35,34.4,31.25,32.25,32.6,33.25,304411,1012305544999.9999,1732,159514,0.524
2020-11-20,20MICRONS,EQ,32.6,33.35,34.2,31.9,32.05,32.45,33.24,78510,260988070000.00003,733,36250,0.4617
2020-11-23,20MICRONS,EQ,32.45,32.2,32.65,31.3,31.75,31.7,31.74,87144,276606240000.0,614,62538,0.7176
2020-11-24,20MICRONS,EQ,31.7,32.35,32.35,31.2,31.45,31.75,31.71,57308,181719690000.0,517,28724,0.5012
2020-11-25,20MICRONS,EQ,31.75,32.4,33.0,31.2,32.05,32.15,31.84,73767,234907600000.0,545,46184,0.6261
2020-11-26,20MICRONS,EQ,32.15,32.15,32.65,31.7,32.0,32.1,32.14,38821,124782235000.00002,330,25109,0.6468
2020-11-27,20MICRONS,EQ,32.1,32.05,32.8,31.3,32.05,32.1,31.93,97808,312310410000.0,481,74379,0.7605
2020-12-01,20MICRONS,EQ,32.1,32.45,33.5,31.75,33.0,32.95,32.55,103833,338023300000.0,577,61350,0.5909000000000001
2020-12-02,20MICRONS,EQ,32.95,33.6,34.55,32.15,32.7,32.7,33.55,298100,1000254825000.0,1775,156322,0.5244
2020-12-03,20MICRONS,EQ,32.7,33.5,33.8,32.55,32.8,32.8,33.03,71488,236112050000.0,575,39632,0.5544
2020-12-04,20MICRONS,EQ,32.8,33.15,37.3,33.15,35.7,36.35,35.58,818934,2913544855000.0,3402,417643,0.51
2020-12-07,20MICRONS,EQ,36.35,36.75,36.95,34.75,34.95,35.05,35.82,355193,1272131750000.0,1967,193119,0.5437
2020-12-08,20MICRONS,EQ,35.05,35.4,37.15,35.05,36.35,36.25,36.26,331615,1202296680000.0,2025,200171,0.6036
2020-12-09,20MICRONS,EQ,36.25,36.6,37.0,35.25,36.0,36.0,36.17,137009,495515834999.99994,1049,88245,0.6441
2020-12-10,20MICRONS,EQ,36.0,36.0,36.0,34.75,35.5,35.55,35.29,67123,236848379999.99997,646,36709,0.5468999999999999
2020-12-11,20MICRONS,EQ,35.55,36.0,36.4,35.0,36.2,35.95,35.58,129080,459322375000.0,813,82831,0.6417
2020-12-14,20MICRONS,EQ,35.95,37.25,37.75,35.75,35.8,35.95,36.83,256198,943553735000.0,1616,165908,0.6476000000000001
2020-12-15,20MICRONS,EQ,35.95,36.0,36.7,34.95,35.3,35.2,35.48,72887,258635995000.00003,601,53106,0.7286
2020-12-16,20MICRONS,EQ,35.2,36.0,37.5,35.3,36.55,36.8,36.44,144941,528094575000.0,812,106668,0.7359
2020-12-17,20MICRONS,EQ,36.8,37.0,37.6,35.6,36.35,36.4,37.1,177299,657693000000.0,1022,113530,0.6403
2020-12-18,20MICRONS,EQ,36.4,36.5,40.0,35.2,39.6,39.65,38.52,1123132,4325809315000.0,5917,388853,0.3462
2020-12-21,20MICRONS,EQ,39.65,40.0,41.95,35.1,36.3,36.4,39.93,813502,3248469360000.0,4951,424997,0.5224
2020-12-22,20MICRONS,EQ,36.4,37.0,40.7,35.0,40.0,39.9,38.29,430444,1648073470000.0,2601,237064,0.5507
2020-12-23,20MICRONS,EQ,39.9,40.3,43.8,39.55,39.8,40.15,41.28,789103,3257383115000.0,4750,394330,0.4997
2020-12-24,20MICRONS,EQ,40.15,40.65,40.95,36.25,37.85,37.8,38.67,444734,1719674670000.0,2741,212456,0.4777
2020-12-28,20MICRONS,EQ,37.8,38.6,40.85,38.6,40.0,40.0,39.87,314076,1252369045000.0,2265,185012,0.5891
2020-12-29,20MICRONS,EQ,40.0,40.95,41.4,38.5,39.3,39.25,39.83,284511,1133282010000.0,2059,133168,0.4681
2020-12-30,20MICRONS,EQ,39.25,39.25,42.0,39.0,40.05,40.45,39.93,162138,647429065000.0,1092,114328,0.7051000000000001
2020-12-31,20MICRONS,EQ,40.45,42.0,42.0,39.15,40.4,40.2,40.65,413736,1681977505000.0,2327,231186,0.5588000000000001
2021-01-01,20MICRONS,EQ,40.2,40.75,40.8,39.8,40.0,40.05,40.16,126229,506883550000.0,803,87881,0.6962
2021-01-04,20MICRONS,EQ,40.05,40.55,40.6,39.6,39.95,39.8,40.01,241109,964742475000.0,1314,152747,0.6335000000000001
2021-01-05,20MICRONS,EQ,39.8,39.8,41.95,39.55,41.1,40.95,40.71,375387,1528220360000.0,1767,216479,0.5767
2021-01-06,20MICRONS,EQ,40.95,41.8,41.85,40.5,40.85,40.9,41.2,256628,1057280080000.0001,1334,166964,0.6506000000000001
2021-01-07,20MICRONS,EQ,40.9,41.5,41.65,39.9,41.2,40.75,40.63,180584,733664310000.0,1083,108582,0.6013000000000001
2021-01-08,20MICRONS,EQ,40.75,41.8,42.0,40.2,41.75,41.65,41.55,600137,2493839760000.0,2754,336262,0.5603
2021-01-11,20MICRONS,EQ,41.65,41.65,42.0,39.6,39.75,39.85,40.56,264383,1072306655000.0001,1443,178535,0.6753
2021-01-12,20MICRONS,EQ,39.85,40.3,41.9,39.5,40.0,39.9,40.43,262240,1060192069999.9999,1656,163107,0.622
2021-01-13,20MICRONS,EQ,39.9,40.5,41.05,38.5,39.0,39.0,39.7,286999,1139290235000.0,1907,198886,0.693
2021-01-14,20MICRONS,EQ,39.0,39.0,40.8,37.9,40.0,39.85,39.21,374980,1470298890000.0,2468,156697,0.4179
2021-01-15,20MICRONS,EQ,39.85,40.0,40.05,38.2,38.9,38.55,39.14,133502,522479075000.0,1058,97190,0.728
2021-01-18,20MICRONS,EQ,38.55,39.4,39.65,36.6,36.8,36.9,37.5,239897,899630180000.0001,1437,155271,0.6472
2021-01-19,20MICRONS,EQ,36.9,37.75,38.5,36.5,38.0,37.65,37.76,124062,468514040000.00006,1048,62462,0.5035000000000001
2021-01-20,20MICRONS,EQ,37.65,37.8,38.65,37.8,38.45,38.4,38.21,143794,549458784999.99994,825,99337,0.6908
2021-01-21,20MICRONS,EQ,38.4,38.95,39.5,37.2,37.5,37.55,38.57,141568,545981159999.99994,993,80931,0.5717
2021-01-22,20MICRONS,EQ,37.55,37.3,38.4,37.0,37.5,37.55,37.59,87701,329696050000.0,617,62089,0.708
2021-01-25,20MICRONS,EQ,37.55,38.0,38.0,36.1,37.0,36.85,36.86,106363,392065410000.0,758,63797,0.5998
2021-01-27,20MICRONS,EQ,36.85,36.35,37.6,36.35,37.1,37.4,37.02,76020,281405275000.0,538,49027,0.6448999999999999
2021-01-28,20MICRONS,EQ,37.4,36.9,38.0,36.4,38.0,37.1,36.93,59142,218420045000.00003,386,42124,0.7123
2021-01-29,20MICRONS,EQ,37.1,37.85,38.0,36.3,36.65,36.65,37.05,46077,170737695000.0,386,24274,0.5268
2021-02-01,20MICRONS,EQ,36.65,37.6,37.95,36.5,37.15,37.55,37.24,63048,234764715000.0,495,40324,0.6396000000000001
2021-02-02,20MICRONS,EQ,37.55,38.0,38.35,36.85,37.35,37.5,37.52,113010,423978140000.00006,740,67587,0.5981000000000001
2021-02-03,20MICRONS,EQ,37.5,37.75,40.0,37.2,37.3,37.4,37.94,270835,1027633335000.0,1176,131056,0.4839
2021-02-04,20MICRONS,EQ,37.4,37.2,38.4,37.0,37.55,37.85,37.78,87927,332180110000.0,663,54158,0.6159
2021-02-05,20MICRONS,EQ,37.85,37.85,38.4,36.6,36.9,36.85,37.3,98353,366865770000.0,696,66751,0.6787000000000001
2021-02-08,20MICRONS,EQ,36.85,37.1,37.5,35.5,37.0,36.7,36.76,145057,533201940000.00006,827,88154,0.6077
2021-02-09,20MICRONS,EQ,36.7,37.4,38.0,36.9,37.05,37.1,37.53,170576,640243885000.0,997,96207,0.564
2021-02-10,20MICRONS,EQ,37.1,37.5,37.5,36.5,37.45,37.2,37.08,63668,236109360000.0,479,43293,0.68
2021-02-11,20MICRONS,EQ,37.2,37.45,39.95,37.45,39.2,38.95,38.95,489023,1904751320000.0,2152,229870,0.47009999999999996
2021-02-12,20MICRONS,EQ,38.95,39.65,39.9,37.7,38.2,38.25,38.96,265219,1033274165000.0,1160,141196,0.5324
2021-02-15,20MICRONS,EQ,38.25,37.9,38.5,36.9,37.5,37.1,37.58,256441,963588850000.0,927,189365,0.7384000000000001
2021-02-16,20MICRONS,EQ,37.1,37.0,37.7,36.5,37.1,36.95,36.9,101325,373932895000.0,715,68818,0.6792
2021-02-17,20MICRONS,EQ,36.95,37.25,37.4,36.0,36.5,36.6,36.52,113109,413094555000.0,714,76709,0.6781999999999999
2021-02-18,20MICRONS,EQ,36.6,36.7,37.3,36.55,36.55,36.65,36.88,53701,198054315000.0,492,32308,0.6016
2021-02-19,20MICRONS,EQ,36.65,37.25,37.7,36.55,36.8,36.85,37.09,127632,473367825000.0,862,69215,0.5423
2021-02-22,20MICRONS,EQ,36.85,36.75,37.05,35.6,35.95,36.2,36.32,132338,480708345000.0,847,80932,0.6116
2021-02-23,20MICRONS,EQ,36.2,36.5,36.75,36.05,36.5,36.3,36.34,51803,188251155000.0,691,32980,0.6365999999999999
2021-02-24,20MICRONS,EQ,36.3,36.5,36.7,36.0,36.5,36.5,36.47,24898,90794270000.0,237,17427,0.6999
2021-02-25,20MICRONS,EQ,36.5,36.8,37.8,36.65,37.3,37.05,37.07,157743,584741295000.0,819,85306,0.5408
2021-02-26,20MICRONS,EQ,37.05,36.9,37.15,36.3,36.5,36.45,36.75,101364,372480735000.0,618,71361,0.7040000000000001
2021-03-01,20MICRONS,EQ,36.45,36.9,37.6,36.55,37.55,37.35,37.15,126886,471440665000.00006,607,86420,0.6811
2021-03-02,20MICRONS,EQ,37.35,37.45,37.6,36.85,37.0,36.95,37.3,63874,238218640000.0,523,34810,0.545
2021-03-03,20MICRONS,EQ,36.95,37.4,39.2,36.95,38.2,38.15,38.16,216918,827791260000.0,1427,117594,0.5421
2021-03-04,20MICRONS,EQ,38.15,37.9,38.9,37.5,38.5,38.25,38.2,90953,347474555000.0,711,38046,0.4183
2021-03-05,20MICRONS,EQ,38.25,38.6,39.65,37.1,37.6,37.9,38.55,157771,608163965000.0,1001,77408,0.49060000000000004
2021-03-08,20MICRONS,EQ,37.9,37.6,38.75,36.35,37.05,37.5,37.66,111529,419977050000.0,1120,57973,0.5197999999999999
2021-03-09,20MICRONS,EQ,37.5,37.5,38.05,36.5,37.5,37.1,37.06,82882,307200265000.0,785,56001,0.6757
2021-03-10,20MICRONS,EQ,37.1,38.1,39.4,37.9,38.4,38.55,38.63,540420,2087572780000.0,2588,269558,0.4988
2021-03-12,20MICRONS,EQ,38.55,38.6,39.25,37.6,37.75,37.75,38.24,106676,407938505000.0,896,72160,0.6764
2021-03-15,20MICRONS,EQ,37.75,38.15,38.5,37.1,37.55,37.5,37.52,62264,233631679999.99997,522,37086,0.5956
2021-03-16,20MICRONS,EQ,37.5,37.8,38.75,37.45,38.25,38.4,38.28,76451,292625325000.0,695,53789,0.7036
2021-03-17,20MICRONS,EQ,38.4,39.2,39.2,37.55,37.95,37.9,38.48,80160,308457550000.0,737,50456,0.6294
2021-03-18,20MICRONS,EQ,37.9,38.3,38.3,36.25,36.9,36.8,37.3,72000,268558125000.0,637,43996,0.6111
2021-03-19,20MICRONS,EQ,36.8,36.8,36.8,32.0,35.5,35.6,35.3,122629,432835730000.0,868,77984,0.6359
2021-03-22,20MICRONS,EQ,35.6,35.95,37.0,35.0,36.25,36.05,36.15,74675,269914825000.0,378,47369,0.6343
2021-03-23,20MICRONS,EQ,36.05,36.2,36.65,36.0,36.1,36.15,36.21,71527,259004600000.0,384,66118,0.9244
2021-03-24,20MICRONS,EQ,36.15,36.2,36.6,34.8,34.9,35.2,35.8,30346,108625930000.0,307,22008,0.7252
2021-03-25,20MICRONS,EQ,35.2,35.0,35.4,28.2,33.9,33.95,33.16,187328,621218540000.0,868,39339,0.21
2021-03-26,20MICRONS,EQ,33.95,34.85,35.1,34.0,34.05,34.5,34.66,37471,129886030000.0,442,23704,0.6325999999999999
2021-03-30,20MICRONS,EQ,34.5,34.9,35.75,34.4,34.4,34.75,34.99,78546,274846725000.0,635,37809,0.4814
2021-03-31,20MICRONS,EQ,34.75,34.9,35.95,33.5,35.9,35.15,34.93,52205,182377525000.0,495,35489,0.6798000000000001
2021-04-01,20MICRONS,EQ,35.15,35.4,35.9,34.5,35.7,35.4,35.16,33682,118417085000.00002,384,18390,0.546
2021-04-05,20MICRONS,EQ,35.4,35.4,35.85,34.5,35.8,35.55,35.21,45149,158954910000.0,397,31930,0.7072
2021-04-06,20MICRONS,EQ,35.55,35.8,39.95,33.05,35.4,35.4,36.4,310825,1131409800000.0,1440,74899,0.24100000000000002
2021-04-07,20MICRONS,EQ,35.4,35.4,37.7,35.4,36.95,36.85,36.83,98531,362923535000.0,860,71822,0.7289
2021-04-08,20MICRONS,EQ,36.85,37.4,38.5,37.25,37.75,37.6,37.89,115050,435947525000.0,898,57499,0.49979999999999997
2021-04-09,20MICRONS,EQ,37.6,38.3,38.3,37.0,37.4,37.3,37.43,46763,175031145000.0,502,26778,0.5726
2021-04-12,20MICRONS,EQ,37.3,37.0,37.05,35.0,35.5,35.2,35.64,42057,149899575000.0,625,29935,0.7118000000000001
2021-04-13,20MICRONS,EQ,35.2,35.95,36.8,35.4,36.75,36.65,36.23,61738,223675029999.99997,608,34855,0.5646
2021-04-15,20MICRONS,EQ,36.65,36.8,37.05,35.95,36.0,36.05,36.44,34375,125279520000.0,412,15910,0.46280000000000004
2021-04-16,20MICRONS,EQ,36.05,36.5,36.7,35.9,36.0,36.05,36.19,28824,104308825000.0,397,21721,0.7536
2021-04-19,20MICRONS,EQ,36.05,34.05,35.85,34.05,35.2,35.15,34.57,52025,179842535000.0,667,25619,0.4924
2021-04-20,20MICRONS,EQ,35.15,35.15,36.6,35.15,36.0,35.75,35.91,53444,191927155000.0,488,26926,0.5038
2021-04-22,20MICRONS,EQ,35.75,35.7,37.0,35.05,36.45,36.0,35.96,66086,237634175000.0,605,35089,0.531
2021-04-23,20MICRONS,EQ,36.0,36.75,36.75,35.4,36.5,36.3,35.95,65388,235063829999.99997,669,43464,0.6647
2021-04-26,20MICRONS,EQ,36.3,36.3,36.9,35.9,36.3,36.1,36.35,44347,161186635000.0,572,29741,0.6706000000000001
2021-04-27,20MICRONS,EQ,36.1,36.45,37.4,36.05,37.15,37.15,36.9,74870,276296480000.0,687,53673,0.7169
2021-04-28,20MICRONS,EQ,37.15,37.5,38.1,37.15,37.2,37.6,37.7,56095,211502985000.0,798,36890,0.6576000000000001
2021-04-29,20MICRONS,EQ,37.6,38.0,39.05,36.75,38.75,38.7,38.16,128921,491998790000.00006,972,84965,0.659
2021-04-30,20MICRONS,EQ,38.7,39.0,40.5,38.05,38.1,38.2,39.37,286685,1128785990000.0,2138,184504,0.6436000000000001
2021-05-03,20MICRONS,EQ,38.2,38.1,40.1,37.9,39.35,39.4,39.34,192281,756463950000.0,1310,133026,0.6918000000000001
2021-05-04,20MICRONS,EQ,39.4,39.9,41.0,37.1,37.95,37.8,39.3,194547,764489450000.0,1793,116108,0.5968
2021-05-05,20MICRONS,EQ,37.8,38.8,39.25,37.85,38.5,38.2,38.56,61186,235908670000.00003,880,38680,0.6322
2021-05-06,20MICRONS,EQ,38.2,38.8,40.1,37.65,39.55,39.7,39.18,165283,647564460000.0,1340,115039,0.696
2021-05-07,20MICRONS,EQ,39.7,39.25,40.15,39.0,39.6,39.7,39.51,110032,434717670000.0,1374,58492,0.5316
2021-05-10,20MICRONS,EQ,39.7,40.8,47.6,39.5,47.0,46.85,44.21,2229304,9856180650000.0,8853,1185811,0.5319
2021-05-11,20MICRONS,EQ,46.85,46.65,49.7,45.9,46.95,46.8,48.25,1142577,5513250505000.0,7146,516459,0.452
2021-05-12,20MICRONS,EQ,46.8,46.6,48.3,43.7,47.05,46.9,45.92,758796,3484615095000.0005,4745,358756,0.4728
2021-05-14,20MICRONS,EQ,46.9,47.5,48.3,46.3,47.25,47.0,47.15,315258,1486363315000.0,2427,173366,0.5499
2021-05-17,20MICRONS,EQ,47.0,47.25,51.25,47.15,48.9,48.9,49.62,574422,2850162075000.0,4514,293763,0.5114
2021-05-18,20MICRONS,EQ,48.9,49.9,58.65,47.9,56.9,57.05,56.48,3963028,22384403050000.0,17533,1316460,0.3322
2021-05-19,20MICRONS,EQ,57.05,55.85,57.0,53.35,54.7,54.6,54.78,723160,3961308029999.9995,7562,363978,0.5033
2021-05-20,20MICRONS,EQ,54.6,55.0,65.5,55.0,65.5,65.3,62.07,3459314,21472481090000.0,20673,1252744,0.36210000000000003
2021-05-21,20MICRONS,EQ,65.3,67.0,68.0,61.7,63.2,62.8,65.23,2096237,13673160575000.0,18275,883085,0.4213
2021-05-24,20MICRONS,EQ,62.8,63.85,69.05,62.85,69.05,69.05,66.8,1089240,7276307945000.0,7626,608319,0.5585
2021-05-25,20MICRONS,EQ,69.05,70.5,74.9,68.4,70.8,70.1,71.51,1439386,10293296430000.0,11794,675120,0.469
2021-05-26,20MICRONS,EQ,70.1,70.95,73.0,67.5,68.7,68.35,70.52,564132,3978478595000.0005,5353,270906,0.4802
2021-05-27,20MICRONS,EQ,68.35,68.9,69.75,66.0,67.6,68.15,67.9,547676,3718502879999.9995,4367,268611,0.4905
2021-05-28,20MICRONS,EQ,68.15,69.0,69.5,62.25,64.45,63.65,65.22,682674,4452228950000.0,5562,409531,0.5999
2021-05-31,20MICRONS,EQ,63.65,64.65,66.3,63.0,64.4,64.1,64.65,257439,1664345290000.0,2486,133594,0.5189
2021-06-01,20MICRONS,EQ,64.1,65.95,65.95,58.75,59.45,59.35,60.35,456527,2754981455000.0,4260,259809,0.5690999999999999
2021-06-02,20MICRONS,EQ,59.35,59.95,61.9,59.5,60.95,60.7,60.48,374552,2265165660000.0,2863,168205,0.4491
2021-06-03,20MICRONS,EQ,60.7,62.25,64.35,61.1,62.4,62.55,62.8,402397,2527050920000.0,3151,201977,0.5019
2021-06-04,20MICRONS,EQ,62.55,63.4,64.35,61.3,61.95,61.9,62.25,213663,1330021975000.0,1813,131248,0.6143
2021-06-07,20MICRONS,EQ,61.9,64.0,64.25,62.2,63.35,63.3,63.33,308284,1952363635000.0002,2627,164434,0.5334000000000001
2021-06-08,20MICRONS,EQ,63.3,63.95,69.5,63.6,66.15,66.0,66.96,790806,5295323255000.0,7124,323114,0.4086
2021-06-09,20MICRONS,EQ,66.0,66.0,70.0,60.7,62.8,62.65,65.0,979855,6368642095000.0,9139,558695,0.5702
2021-06-10,20MICRONS,EQ,62.65,64.0,66.5,63.6,65.2,65.1,65.17,331271,2158875635000.0002,4351,175360,0.5294
2021-06-11,20MICRONS,EQ,65.1,66.3,69.8,65.3,67.95,68.5,67.77,728832,4939258605000.0,5599,329174,0.4516
2021-06-14,20MICRONS,EQ,68.5,68.5,68.9,63.7,67.5,66.95,66.41,292224,1940685650000.0,3254,150619,0.5154
2021-06-15,20MICRONS,EQ,66.95,67.8,69.9,67.0,67.1,67.25,68.34,412007,2815771745000.0,4176,192924,0.4683
2021-06-16,20MICRONS,EQ,67.25,67.95,68.35,65.2,66.7,66.35,66.69,216399,1443182115000.0,3324,113281,0.5235000000000001
2021-06-17,20MICRONS,EQ,66.35,66.0,66.75,63.6,64.35,64.2,65.01,171260,1113358710000.0,2584,91618,0.535
2021-06-18,20MICRONS,EQ,64.2,64.8,65.5,60.0,62.5,62.0,62.18,199603,1241198980000.0,3367,116792,0.5851
2021-06-21,20MICRONS,EQ,62.0,60.75,64.1,59.85,64.0,63.55,62.64,125996,789203950000.0,2608,62996,0.5
2021-06-22,20MICRONS,EQ,63.55,64.5,65.15,62.55,62.9,62.95,63.52,156829,996140555000.0001,2599,82823,0.5281
2021-06-23,20MICRONS,EQ,62.95,63.8,64.2,61.8,62.15,62.05,62.74,121773,763983635000.0,2051,76978,0.6321
2021-06-24,20MICRONS,EQ,62.05,62.5,64.5,62.5,63.45,63.4,63.45,122549,777515365000.0,1554,79647,0.6498999999999999
2021-06-25,20MICRONS,EQ,63.4,64.0,64.15,62.4,62.95,62.5,62.95,60252,379277745000.0,991,37568,0.6235
2021-06-28,20MICRONS,EQ,62.5,63.0,65.5,63.0,63.95,63.35,64.38,211301,1360431805000.0,1780,130866,0.6193
2021-06-29,20MICRONS,EQ,63.35,65.5,65.7,59.5,61.0,60.4,61.97,398177,2467431045000.0,3590,298553,0.7498
2021-06-30,20MICRONS,EQ,60.4,61.1,61.95,59.75,60.0,60.15,60.94,158219,964146185000.0,2160,98950,0.6254
2021-07-01,20MICRONS,EQ,60.15,60.45,60.75,59.2,60.5,59.45,59.76,149027,890626710000.0,1902,101769,0.6829000000000001
2021-07-02,20MICRONS,EQ,59.45,59.5,60.45,58.15,59.75,58.95,59.06,178511,1054295550000.0,1943,120121,0.6729
2021-07-05,20MICRONS,EQ,58.95,59.15,60.75,58.75,59.45,59.85,59.76,219009,1308875375000.0,2482,134991,0.6164000000000001
2021-07-06,20MICRONS,EQ,59.85,59.9,63.9,59.9,62.1,61.4,62.46,345452,2157745870000.0,4158,171833,0.4974
2021-07-07,20MICRONS,EQ,61.4,61.65,62.9,60.7,62.1,61.75,61.9,120200,743993625000.0,1657,81565,0.6786
2021-07-08,20MICRONS,EQ,61.75,61.0,63.8,61.0,62.4,61.85,62.42,173059,1080187340000.0,2360,92820,0.5363
2021-07-09,20MICRONS,EQ,61.85,62.2,62.6,61.0,61.25,61.3,61.84,80536,498060520000.0,1559,50477,0.6268
2021-07-12,20MICRONS,EQ,61.3,61.3,65.5,61.3,64.5,64.25,64.34,433789,2791190960000.0,4682,271388,0.6256
2021-07-13,20MICRONS,EQ,64.25,65.05,66.75,65.0,66.0,65.8,65.96,343672,2266919520000.0,4210,212240,0.6176
2021-07-14,20MICRONS,EQ,65.8,66.7,66.7,63.25,64.75,64.6,64.92,186786,1212610190000.0,2783,101094,0.5412
2021-07-15,20MICRONS,EQ,64.6,64.95,66.7,64.0,64.25,64.55,65.25,267449,1745167939999.9998,3430,167392,0.6259
2021-07-16,20MICRONS,EQ,64.55,65.0,69.45,63.6,65.0,65.15,66.83,824427,5509830905000.0,7470,402530,0.4883
2021-07-19,20MICRONS,EQ,65.15,65.55,70.0,65.55,67.9,67.6,68.06,506566,3447909010000.0,5697,304292,0.6007
2021-07-20,20MICRONS,EQ,67.6,68.9,69.15,65.6,66.15,66.25,67.32,345355,2325031775000.0,4717,162378,0.47020000000000006
2021-07-22,20MICRONS,EQ,66.25,67.5,67.9,66.05,67.0,66.65,66.85,101745,680169910000.0,2034,60812,0.5977
2021-07-23,20MICRONS,EQ,66.65,67.5,67.55,64.6,65.0,65.05,65.72,176110,1157473040000.0,2460,132069,0.7499
2021-07-26,20MICRONS,EQ,65.05,65.4,65.8,63.35,64.0,63.95,64.58,114623,740277405000.0,2679,63363,0.5528000000000001
2021-07-27,20MICRONS,EQ,63.95,64.0,64.9,62.5,62.8,62.95,63.71,124095,790595090000.0,1709,89683,0.7227
2021-07-28,20MICRONS,EQ,62.95,63.8,63.8,60.2,63.4,62.85,62.02,110505,685338275000.0,1720,58846,0.5325
2021-07-29,20MICRONS,EQ,62.85,63.5,64.5,63.0,63.85,64.2,63.97,58880,376669935000.0,1118,32160,0.5462
2021-07-30,20MICRONS,EQ,64.2,64.0,68.65,62.7,66.2,66.5,66.35,505882,3356651175000.0,5094,238349,0.4712
2021-08-02,20MICRONS,EQ,66.5,66.7,68.4,66.2,66.5,66.6,67.05,191472,1283886260000.0,2267,116355,0.6077
2021-08-03,20MICRONS,EQ,66.6,67.5,69.9,65.55,67.6,67.45,68.43,581423,3978674560000.0,5536,333911,0.5743
2021-08-04,20MICRONS,EQ,67.45,68.4,69.05,65.0,66.2,65.9,67.07,177188,1188471595000.0,2580,109874,0.6201
2021-08-05,20MICRONS,EQ,65.9,66.5,66.5,63.5,64.25,63.75,64.29,112842,725421910000.0,1591,73164,0.6484000000000001
2021-08-06,20MICRONS,EQ,63.75,64.2,66.6,64.0,66.4,66.25,65.64,102939,675721775000.0,1528,69821,0.6783
2021-08-09,20MICRONS,EQ,66.25,67.4,67.4,63.25,63.8,63.9,65.07,88957,578883440000.0,1565,60196,0.6767000000000001
2021-08-10,20MICRONS,EQ,63.9,65.45,65.45,59.0,60.2,60.3,61.99,202877,1257614605000.0,3524,132936,0.6553
2021-08-11,20MICRONS,EQ,60.3,60.5,62.3,55.7,58.75,58.55,58.43,183779,1073878544999.9999,3253,94761,0.5156000000000001
2021-08-12,20MICRONS,EQ,58.55,58.6,61.8,58.55,61.75,61.15,60.34,67303,406088560000.0,1205,37686,0.5599000000000001
2021-08-13,20MICRONS,EQ,61.15,62.5,62.5,59.55,59.85,59.9,60.61,102672,622282875000.0,1406,63278,0.6163000000000001
2021-08-16,20MICRONS,EQ,59.9,59.5,61.2,58.15,58.75,58.6,59.1,66623,393763455000.0,1140,46182,0.6931999999999999
2021-08-17,20MICRONS,EQ,58.6,58.4,58.9,55.6,56.3,57.1,56.87,103961,591265445000.0,1643,65894,0.6338
2021-08-18,20MICRONS,EQ,57.1,56.5,58.0,53.4,54.35,54.35,55.43,112212,622002875000.0,1616,77996,0.6951
2021-08-20,20MICRONS,EQ,54.35,54.25,54.25,52.5,54.0,52.9,53.14,73665,391467655000.0,1262,44847,0.6088
2021-08-23,20MICRONS,EQ,52.9,53.8,54.55,48.45,49.1,49.45,50.7,151801,769681410000.0,2298,97559,0.6426999999999999
2021-08-24,20MICRONS,EQ,49.45,50.8,54.15,49.8,53.0,52.95,52.08,107584,560315430000.0,1639,63612,0.5913
2021-08-25,20MICRONS,EQ,52.95,54.0,54.6,52.5,53.2,53.3,53.58,49927,267508340000.0,1122,27561,0.552
2021-08-26,20MICRONS,EQ,53.3,53.3,54.5,51.6,52.8,52.75,53.08,65185,345973675000.0,1210,35607,0.5462
2021-08-27,20MICRONS,EQ,52.75,52.0,54.1,52.0,53.1,53.45,53.36,60075,320553630000.0,803,36196,0.6025
2021-08-30,20MICRONS,EQ,53.45,53.5,54.85,52.45,54.15,53.4,53.9,87085,469366395000.0,1268,54809,0.6294
2021-08-31,20MICRONS,EQ,53.4,54.9,54.9,53.6,53.75,53.85,54.15,44967,243490390000.0,1360,27414,0.6096
2021-09-01,20MICRONS,EQ,53.85,54.7,54.7,53.1,53.85,53.95,53.77,51111,274826120000.00003,1307,28822,0.5639000000000001
2021-09-02,20MICRONS,EQ,53.95,54.5,55.05,53.4,53.9,53.85,54.13,42021,227459870000.00003,926,23702,0.5640999999999999
2021-09-03,20MICRONS,EQ,53.85,54.45,54.85,53.15,53.55,53.6,53.79,53659,288644805000.0,647,33348,0.6215
2021-09-06,20MICRONS,EQ,53.6,53.6,54.55,53.6,54.0,53.8,53.94,25839,139362825000.0,493,16629,0.6436000000000001
2021-09-07,20MICRONS,EQ,53.8,54.5,54.5,52.6,53.1,53.15,53.04,42533,225587600000.0,597,29067,0.6834
2021-09-08,20MICRONS,EQ,53.15,53.25,58.4,52.55,55.0,54.7,55.26,142118,785342820000.0,1273,50925,0.3583
2021-09-09,20MICRONS,EQ,54.7,55.0,55.85,54.15,54.5,54.55,54.58,32960,179886405000.0,495,20202,0.6129
2021-09-13,20MICRONS,EQ,54.55,55.7,55.7,53.05,53.95,53.8,53.71,43228,232158479999.99997,649,27670,0.6401000000000001
2021-09-14,20MICRONS,EQ,53.8,54.0,55.3,53.75,54.7,54.0,54.21,69160,374901135000.0,1174,39105,0.5654
2021-09-15,20MICRONS,EQ,54.0,54.8,64.8,54.65,64.8,64.8,61.82,967425,5980906955000.0,7197,456909,0.4723
2021-09-16,20MICRONS,EQ,64.8,67.8,67.8,59.0,60.0,60.3,63.25,965236,6104671065000.0,13154,393635,0.4078
2021-09-17,20MICRONS,EQ,60.3,61.55,62.95,56.5,57.8,57.55,58.71,361544,2122604420000.0,6321,218241,0.6036
2021-09-20,20MICRONS,EQ,57.55,56.85,59.6,56.25,56.4,56.6,58.07,158422,919933360000.0,3047,84955,0.5363
2021-09-21,20MICRONS,EQ,56.6,57.1,57.35,55.2,56.4,56.6,56.49,85691,484052990000.00006,1942,39746,0.46380000000000005
2021-09-22,20MICRONS,EQ,56.6,57.0,58.6,57.0,57.65,57.85,58.0,86139,499601550000.0,1825,40130,0.46590000000000004
2021-09-23,20MICRONS,EQ,57.85,59.05,62.55,58.2,60.5,60.3,60.94,369542,2252100400000.0,5798,147237,0.39840000000000003
2021-09-24,20MICRONS,EQ,60.3,61.2,61.2,59.0,59.15,59.3,60.27,155115,934859890000.0,2049,88800,0.5725
2021-09-27,20MICRONS,EQ,59.3,59.9,60.6,59.25,59.45,59.5,59.89,69283,414906075000.0,1005,38633,0.5576
2021-09-28,20MICRONS,EQ,59.5,59.7,60.55,56.8,58.25,57.9,58.28,110743,645459520000.0,1865,72370,0.6535
2021-09-29,20MICRONS,EQ,57.9,58.25,59.7,57.6,59.25,58.55,58.24,99139,577417640000.0,1402,65285,0.6585
2021-09-30,20MICRONS,EQ,58.55,60.95,65.15,60.7,60.95,61.2,62.63,784831,4915220205000.0,10955,261303,0.3329
2021-10-01,20MICRONS,EQ,61.2,60.9,62.75,60.0,61.1,61.0,61.14,107412,656763575000.0,1940,51026,0.47500000000000003
2021-10-04,20MICRONS,EQ,61.0,61.6,62.45,59.95,60.7,60.8,60.98,111663,680959595000.0,1849,66154,0.5924
2021-10-05,20MICRONS,EQ,60.8,60.65,61.4,60.0,60.1,60.25,60.45,106172,641816200000.0,983,78936,0.7434999999999999
2021-10-06,20MICRONS,EQ,60.25,61.1,64.5,60.5,61.2,61.3,62.45,435161,2717616045000.0,3275,201871,0.46390000000000003
2021-10-07,20MICRONS,EQ,61.3,61.75,63.7,61.5,62.25,61.9,62.53,188941,1181400880000.0,1763,117121,0.6199
2021-10-08,20MICRONS,EQ,61.9,62.8,63.0,60.85,61.7,61.55,61.92,92508,572832055000.0,2149,59750,0.6459
2021-10-11,20MICRONS,EQ,61.55,61.25,62.5,60.5,60.7,60.65,61.45,94847,582811905000.0,1414,61694,0.6505
2021-10-12,20MICRONS,EQ,60.65,61.15,63.9,60.3,63.0,62.95,62.29,259026,1613415335000.0,2395,134522,0.5193
2021-10-13,20MICRONS,EQ,62.95,66.0,66.0,63.0,63.5,63.35,64.53,496773,3205728275000.0,7101,261278,0.526
2021-10-14,20MICRONS,EQ,63.35,64.0,64.6,62.0,62.5,62.35,63.01,111980,705571225000.0,1626,78722,0.703
2021-10-18,20MICRONS,EQ,62.35,62.9,64.5,62.3,62.9,62.7,63.25,207065,1309632740000.0,2026,116557,0.5629
2021-10-19,20MICRONS,EQ,62.7,62.75,64.45,60.8,61.2,61.35,62.8,179978,1130183150000.0,3566,85281,0.47380000000000005
2021-10-20,20MICRONS,EQ,61.35,61.4,63.3,59.95,63.15,62.8,61.74,157664,973348775000.0,2584,94072,0.5967
2021-10-21,20MICRONS,EQ,62.8,64.35,64.85,58.55,60.0,59.55,61.48,440516,2708163630000.0,7866,180754,0.4103
2021-10-22,20MICRONS,EQ,59.55,59.75,62.0,56.7,58.3,58.4,59.52,234159,1393624145000.0,3904,99618,0.4254
2021-10-25,20MICRONS,EQ,58.4,59.05,59.85,55.5,56.95,56.9,56.85,110375,627506890000.0,2310,55342,0.5014000000000001
2021-10-26,20MICRONS,EQ,56.9,56.75,59.0,56.75,58.05,57.85,57.91,67288,389656180000.0,1358,30831,0.4582
2021-10-27,20MICRONS,EQ,57.85,58.7,61.25,58.0,60.0,60.15,59.29,118645,703448995000.0,1598,71359,0.6014
2021-10-28,20MICRONS,EQ,60.15,59.85,60.9,58.5,59.3,59.35,59.51,89417,532156830000.0,1408,45487,0.5086999999999999
2021-10-29,20MICRONS,EQ,59.35,60.0,60.0,58.05,58.35,58.55,58.91,52549,309573585000.0,805,34852,0.6631999999999999
2021-11-01,20MICRONS,EQ,58.55,59.45,59.5,57.6,58.5,58.1,58.4,70239,410173550000.0,1237,29642,0.42200000000000004
2021-11-02,20MICRONS,EQ,58.1,58.3,59.0,58.0,58.6,58.55,58.54,30134,176401830000.0,638,18903,0.6273
2021-11-03,20MICRONS,EQ,58.55,58.95,60.1,58.05,58.2,58.4,58.92,64095,377660980000.0,834,29898,0.46649999999999997
2021-11-04,20MICRONS,EQ,58.4,60.0,60.0,58.75,59.95,59.75,59.62,33522,199873490000.0,423,25797,0.7696
2021-11-08,20MICRONS,EQ,59.75,60.95,60.95,59.25,60.2,60.05,59.85,43840,262371990000.0,749,26227,0.5982000000000001
2021-11-09,20MICRONS,EQ,60.05,60.5,63.8,59.5,61.55,61.65,61.52,251338,1546323735000.0,3000,111339,0.443
2021-11-10,20MICRONS,EQ,61.65,61.0,63.4,60.85,62.95,62.75,62.45,152050,949615419999.9999,1169,110856,0.7291
2021-11-11,20MICRONS,EQ,62.75,62.6,68.0,61.25,66.7,66.1,66.61,1120467,7463552005000.0,10731,495296,0.44200000000000006
2021-11-12,20MICRONS,EQ,66.1,66.15,67.9,64.0,64.4,64.45,65.81,209722,1380139360000.0,3887,99226,0.4731
2021-11-15,20MICRONS,EQ,64.45,64.45,65.15,60.15,61.5,61.45,62.67,151540,949714675000.0,2164,102443,0.6759999999999999
2021-11-16,20MICRONS,EQ,61.45,61.95,63.9,61.6,62.3,62.0,62.6,101220,633596445000.0,2230,52889,0.5225
2021-11-17,20MICRONS,EQ,62.0,61.05,62.85,60.55,61.0,60.9,61.6,73794,454534765000.00006,1323,45563,0.6174000000000001
2021-11-18,20MICRONS,EQ,60.9,61.65,62.7,59.0,60.0,60.25,60.57,99195,600784225000.0,1992,56397,0.5685
2021-11-22,20MICRONS,EQ,60.25,60.25,61.1,56.25,56.25,57.5,58.65,116098,680883510000.0,1682,82148,0.7076000000000001
2021-11-23,20MICRONS,EQ,57.5,57.05,61.4,57.05,60.05,60.15,59.57,129193,769591885000.0,2428,60431,0.4678
2021-11-24,20MICRONS,EQ,60.15,61.45,61.6,60.1,60.3,60.4,60.76,57065,346748625000.0,978,36183,0.6341
2021-11-25,20MICRONS,EQ,60.4,61.1,62.1,60.3,61.35,61.2,61.2,65235,399226630000.0,1261,27078,0.41509999999999997
2021-11-26,20MICRONS,EQ,61.2,61.0,61.0,58.25,60.0,58.95,59.63,89668,534693240000.00006,1288,53559,0.5972999999999999
2021-11-29,20MICRONS,EQ,58.95,60.95,60.95,56.0,57.85,57.55,57.57,84136,484356434999.99994,1289,50873,0.6047
2021-11-30,20MICRONS,EQ,57.55,58.8,60.0,57.5,57.95,58.1,58.61,50358,295171665000.0,834,27968,0.5554
2021-12-01,20MICRONS,EQ,58.1,59.25,59.55,57.5,58.5,58.45,58.48,65712,384289380000.0,952,44652,0.6795
2021-12-02,20MICRONS,EQ,58.45,58.5,58.95,58.0,58.5,58.4,58.43,48957,286033925000.0,812,27580,0.5634
2021-12-03,20MICRONS,EQ,58.4,58.9,59.5,58.2,58.75,58.75,58.81,31382,184553675000.0,669,18442,0.5877
2021-12-06,20MICRONS,EQ,58.75,58.75,60.6,58.0,58.05,58.4,59.28,51176,303396100000.0,1112,26037,0.5088
2021-12-07,20MICRONS,EQ,58.4,58.95,64.1,58.35,62.25,62.25,61.78,182873,1129701125000.0,2432,96696,0.5288
2021-12-08,20MICRONS,EQ,62.25,62.55,63.2,61.4,61.4,61.6,62.04,70321,436289815000.00006,1217,32764,0.46590000000000004
2021-12-09,20MICRONS,EQ,61.6,62.0,62.8,61.0,61.9,61.75,62.0,39763,246521979999.99997,954,23089,0.5807
2021-12-10,20MICRONS,EQ,61.75,61.9,66.2,61.75,63.05,63.15,64.08,256344,1642559980000.0,3280,138178,0.539
2021-12-13,20MICRONS,EQ,63.15,64.55,64.95,63.0,63.3,63.2,63.86,63382,404786520000.0,1277,39958,0.6304
2021-12-14,20MICRONS,EQ,63.2,64.0,64.0,61.55,62.15,62.3,62.5,46660,291620375000.0,975,26566,0.5694
2021-12-15,20MICRONS,EQ,62.3,63.5,74.0,61.65,62.45,62.45,66.65,2685511,17899724000000.0,23662,1221876,0.455
2021-12-16,20MICRONS,EQ,62.45,63.05,64.4,60.15,61.1,61.15,62.36,492105,3068776955000.0,6918,278611,0.5662
2021-12-17,20MICRONS,EQ,61.15,61.45,61.6,58.15,59.25,58.95,59.58,232749,1386744410000.0,3675,141631,0.6085
2021-12-20,20MICRONS,EQ,58.95,58.4,58.4,53.6,55.35,55.65,56.06,278417,1560684780000.0,4091,132648,0.4764
2021-12-21,20MICRONS,EQ,55.65,56.0,59.0,56.0,56.5,56.95,57.35,165345,948319160000.0,2790,72304,0.43729999999999997
2021-12-22,20MICRONS,EQ,56.95,57.8,58.9,57.1,57.75,57.8,58.14,108354,630021715000.0,2047,51719,0.4773
2021-12-23,20MICRONS,EQ,57.8,58.85,59.0,57.35,58.0,57.9,58.08,82623,479876209999.99994,1520,42576,0.5153
2021-12-24,20MICRONS,EQ,57.9,58.5,58.5,55.5,56.15,55.85,56.62,192527,1090044875000.0,2349,100282,0.5209
2021-12-27,20MICRONS,EQ,55.85,56.05,61.35,54.7,57.1,57.1,58.03,521125,3024176315000.0,5015,240601,0.4617
2021-12-28,20MICRONS,EQ,57.1,58.7,60.5,57.9,59.9,59.75,59.49,645111,3838077160000.0,5040,339523,0.5263
2021-12-29,20MICRONS,EQ,59.75,60.75,60.9,58.05,59.5,59.6,59.91,314791,1886063430000.0,3169,195701,0.6217
2021-12-30,20MICRONS,EQ,59.6,59.6,63.6,59.35,63.3,62.35,61.62,2815655,17350228805000.002,12217,1591768,0.5653
2021-12-31,20MICRONS,EQ,62.35,64.0,66.6,63.0,63.9,63.45,65.01,1597660,10386462705000.0,11589,989381,0.6193
2022-01-03,20MICRONS,EQ,63.45,63.95,64.55,61.7,62.1,62.1,62.54,451601,2824329025000.0,3724,248467,0.5502
2022-01-04,20MICRONS,EQ,62.1,62.8,63.0,60.5,60.75,60.65,61.24,369132,2260401200000.0,2602,269280,0.7295
2022-01-05,20MICRONS,EQ,60.65,60.95,62.0,59.5,61.5,60.4,60.3,619730,3736876690000.0,3133,358976,0.5792
2022-01-06,20MICRONS,EQ,60.4,60.2,64.1,60.0,62.8,62.1,62.47,655397,4094140515000.0,6304,327627,0.4999
2022-01-07,20MICRONS,EQ,62.1,62.8,74.5,62.8,74.5,74.5,71.03,3966780,28176750514999.996,23426,1887224,0.4758
2022-01-10,20MICRONS,EQ,74.5,78.45,89.4,77.85,89.4,89.4,84.32,4416892,37243946065000.0,54990,1232270,0.27899999999999997
2022-01-11,20MICRONS,EQ,89.4,94.0,94.0,81.0,82.1,81.8,86.31,2510710,21670890690000.0,42817,1043672,0.4157
2022-01-12,20MICRONS,EQ,81.8,83.9,86.9,81.5,82.7,83.05,84.58,965531,8166025290000.001,14202,427850,0.44310000000000005
2022-01-13,20MICRONS,EQ,83.05,83.5,91.35,82.7,91.35,91.35,88.32,1378325,12173934005000.0,11746,728172,0.5283
2022-01-14,20MICRONS,EQ,91.35,91.55,99.65,88.8,96.6,96.8,95.4,2453246,23403077355000.0,31230,853091,0.34770000000000006
2022-01-17,20MICRONS,EQ,96.8,97.7,105.5,96.0,102.4,102.55,102.52,1746435,17904720285000.0,23703,720704,0.41270000000000007
2022-01-18,20MICRONS,EQ,102.55,103.3,108.25,94.2,95.5,95.3,100.32,1393149,13976296119999.998,23213,756415,0.543
2022-01-19,20MICRONS,EQ,95.3,93.0,102.7,93.0,100.95,100.5,99.0,910806,9017395485000.0,15429,433015,0.4754
2022-01-20,20MICRONS,EQ,100.5,100.95,103.9,94.7,99.9,99.5,99.82,949272,9475976965000.0,15497,331889,0.3496
2022-01-21,20MICRONS,EQ,99.5,99.0,101.8,91.25,95.45,95.35,97.46,673266,6561940480000.0,10631,320103,0.4754
2022-01-24,20MICRONS,EQ,95.35,97.0,100.2,88.2,90.1,90.05,93.31,632528,5902096610000.0,12514,230408,0.48560000000000003
2022-01-25,20MICRONS,EQ,90.05,89.95,97.0,85.15,94.3,94.7,93.54,520109,4865263385000.0,8595,231284,0.4447
2022-01-27,20MICRONS,EQ,94.7,92.9,93.7,89.0,91.6,91.9,91.9,336785,3095013140000.0,4878,174572,0.5183
2022-01-28,20MICRONS,EQ,91.9,92.8,101.0,92.75,97.9,97.35,98.47,1058107,10419296570000.0,12320,575153,0.5436
2022-01-31,20MICRONS,EQ,97.35,98.7,99.75,89.65,90.7,91.5,94.58,594190,5619831325000.0,8599,345669,0.5817
2022-02-01,20MICRONS,EQ,91.5,92.3,94.5,88.55,91.7,91.95,91.86,303710,2789805440000.0,6418,131781,0.4339
2022-02-02,20MICRONS,EQ,91.95,92.85,94.5,90.5,91.0,90.9,91.88,230404,2116963180000.0,3426,126875,0.5507
2022-02-03,20MICRONS,EQ,90.9,91.65,93.7,89.5,91.0,90.6,91.21,260677,2377627010000.0,4001,105320,0.40399999999999997
2022-02-04,20MICRONS,EQ,90.6,91.6,91.8,87.55,88.45,88.15,89.12,224694,2002402825000.0,3029,129640,0.5770000000000001
2022-02-07,20MICRONS,EQ,88.15,88.15,89.45,84.0,85.5,85.0,85.79,308641,2647684790000.0,5831,177083,0.5738000000000001
2022-02-08,20MICRONS,EQ,85.0,87.0,87.0,82.5,83.0,83.4,84.22,177777,1497235535000.0,3128,98694,0.5552
2022-02-09,20MICRONS,EQ,83.4,83.9,86.0,83.9,85.8,85.55,84.9,148741,1262882650000.0,3115,79318,0.5333
2022-02-10,20MICRONS,EQ,85.55,85.75,91.75,84.4,88.5,88.65,88.86,430856,3828765720000.0005,5063,198080,0.4597
2022-02-11,20MICRONS,EQ,88.65,86.85,88.15,84.5,85.35,85.25,86.19,183409,1580720580000.0,3252,109394,0.5964
2022-02-14,20MICRONS,EQ,85.25,81.6,83.0,76.75,76.75,76.75,79.58,333625,2654924415000.0,4304,202974,0.6084
2022-02-15,20MICRONS,EQ,76.75,77.2,80.15,74.6,78.5,79.05,77.01,419424,3229880485000.0,5204,167520,0.3994
2022-02-16,20MICRONS,EQ,79.05,80.75,83.2,79.3,79.8,79.6,80.72,228724,1846176389999.9998,3062,86396,0.37770000000000004
2022-02-17,20MICRONS,EQ,79.6,80.35,81.6,76.85,78.0,77.9,78.5,167380,1313921455000.0,2329,71560,0.4275
2022-02-18,20MICRONS,EQ,77.9,77.85,79.55,76.3,77.0,77.2,77.64,122561,951538235000.0,1766,51994,0.4242
2022-02-21,20MICRONS,EQ,77.2,76.0,77.55,73.25,73.6,74.1,74.86,141872,1061998694999.9999,2443,63173,0.44530000000000003
2022-02-22,20MICRONS,EQ,74.1,70.5,72.95,69.0,70.0,69.45,70.73,254664,1801190795000.0,3090,135342,0.5315
2022-02-23,20MICRONS,EQ,69.45,70.2,76.3,70.2,75.75,75.1,73.93,283801,2098201350000.0,3257,85220,0.3003
2022-02-24,20MICRONS,EQ,75.1,70.4,71.8,67.6,67.6,67.6,68.94,388689,2679624905000.0,3836,199489,0.5132
2022-02-25,20MICRONS,EQ,67.6,70.1,72.0,69.0,70.25,70.3,70.73,196731,1391567535000.0,2632,97030,0.4932
2022-02-28,20MICRONS,EQ,70.3,69.5,72.4,67.0,70.8,71.2,70.59,203908,1439318390000.0,3136,82316,0.4037
2022-03-02,20MICRONS,EQ,71.2,70.1,73.6,70.1,72.05,71.85,71.99,219912,1583125505000.0,2642,115094,0.5234000000000001
2022-03-03,20MICRONS,EQ,71.85,73.05,74.6,71.2,72.5,72.0,72.86,129491,943436605000.0001,1930,58085,0.4486
2022-03-04,20MICRONS,EQ,72.0,72.0,72.8,70.1,71.9,71.6,71.61,95527,684101755000.0,1545,42304,0.4428
2022-03-07,20MICRONS,EQ,71.6,69.95,71.0,68.45,70.4,69.8,69.86,140616,982316710000.0,1742,80350,0.5714
2022-03-08,20MICRONS,EQ,69.8,70.0,73.9,69.8,71.95,71.55,71.28,173001,1233080315000.0,1924,90215,0.5215
2022-03-09,20MICRONS,EQ,71.55,72.5,73.8,72.0,72.7,72.35,72.66,98968,719067555000.0,1556,57074,0.5767
2022-03-10,20MICRONS,EQ,72.35,73.75,76.0,72.95,73.9,73.45,74.17,111339,825844705000.0,1579,59748,0.5366
2022-03-11,20MICRONS,EQ,73.45,73.9,78.6,73.0,76.15,75.95,76.23,330620,2520321390000.0,3710,116983,0.35380000000000006
2022-03-14,20MICRONS,EQ,75.95,75.9,76.8,73.0,73.6,73.45,74.95,205018,1536684265000.0,2479,121215,0.5912
2022-03-15,20MICRONS,EQ,73.45,73.8,75.2,71.5,72.5,72.2,73.27,128927,944687915000.0,2162,59285,0.4598
2022-03-16,20MICRONS,EQ,72.2,74.4,75.55,72.2,72.95,72.8,73.94,180120,1331752580000.0,2438,54246,0.3012
2022-03-17,20MICRONS,EQ,72.8,74.0,76.1,73.5,74.7,74.9,74.95,189445,1419882160000.0,2507,87139,0.46
2022-03-21,20MICRONS,EQ,74.9,75.5,79.85,74.65,77.8,77.7,77.54,252442,1957548080000.0,3906,109645,0.4343
2022-03-22,20MICRONS,EQ,77.7,79.9,79.9,75.2,77.0,76.6,76.97,126510,973772205000.0001,2048,61477,0.48590000000000005
2022-03-23,20MICRONS,EQ,76.6,77.6,79.75,76.0,76.25,76.5,78.13,189683,1481983045000.0,2232,64532,0.34020000000000006
2022-03-24,20MICRONS,EQ,76.5,76.55,78.45,75.2,77.0,76.65,76.87,107409,825664780000.0,1646,55389,0.5157
2022-03-25,20MICRONS,EQ,76.65,77.0,80.5,76.55,79.0,78.75,78.97,298110,2354315230000.0,3215,146458,0.4913
2022-03-28,20MICRONS,EQ,78.75,79.8,80.0,74.65,75.55,75.55,76.77,155946,1197145585000.0,2364,88926,0.5702
2022-03-29,20MICRONS,EQ,75.55,76.5,77.15,72.5,73.4,72.9,73.86,147821,1091750530000.0001,2083,101153,0.6843000000000001
2022-03-30,20MICRONS,EQ,72.9,74.0,77.65,73.95,74.9,75.1,76.22,179865,1370969080000.0,2806,92970,0.5169
2022-03-31,20MICRONS,EQ,75.1,75.7,77.25,73.0,73.65,73.85,74.78,162389,1214267020000.0,2495,73504,0.4526
2022-04-01,20MICRONS,EQ,73.85,73.8,81.2,73.1,81.2,81.2,79.36,337838,2680913865000.0,2964,206177,0.6103000000000001
2022-04-04,20MICRONS,EQ,81.2,83.0,86.2,81.2,84.65,84.65,84.54,480491,4062121279999.9995,6379,224055,0.46630000000000005
2022-04-05,20MICRONS,EQ,84.65,85.7,88.4,84.2,86.2,85.75,86.25,308584,2661502240000.0,3648,146851,0.47590000000000005
2022-04-06,20MICRONS,EQ,85.75,85.6,90.9,84.8,88.15,87.5,87.92,384137,3377432429999.9995,4629,147205,0.3832
2022-04-07,20MICRONS,EQ,87.5,88.2,94.8,88.15,90.4,89.9,91.81,684321,6282586105000.0,9684,270510,0.39530000000000004
2022-04-08,20MICRONS,EQ,89.9,91.25,91.6,87.65,88.85,88.55,89.71,256559,2301470515000.0,4695,100376,0.3912
2022-04-11,20MICRONS,EQ,88.55,89.1,94.25,88.55,93.65,93.25,92.08,531579,4895039760000.0,6895,255014,0.4797
2022-04-12,20MICRONS,EQ,93.25,93.7,93.8,88.0,90.65,90.3,90.55,254317,2302904920000.0,5009,94688,0.37229999999999996
2022-04-13,20MICRONS,EQ,90.3,90.7,92.4,89.25,90.0,89.5,90.72,175093,1588440055000.0,2825,76989,0.4397
2022-04-18,20MICRONS,EQ,89.5,89.0,89.7,86.2,86.85,86.5,87.45,188620,1649561410000.0,3614,102383,0.5428000000000001
2022-04-19,20MICRONS,EQ,86.5,87.0,94.5,87.0,89.05,89.65,91.37,457614,4181421820000.0005,6485,139992,0.3059
2022-04-20,20MICRONS,EQ,89.65,90.5,91.6,85.0,86.2,85.7,87.92,273530,2404855230000.0,5246,135430,0.4951
2022-04-21,20MICRONS,EQ,85.7,86.6,90.0,86.4,88.8,88.6,87.99,167410,1472965740000.0,3142,80340,0.47990000000000005
2022-04-22,20MICRONS,EQ,88.6,88.0,93.05,87.6,88.0,88.75,90.09,319582,2879030070000.0,5938,134130,0.4197
2022-04-25,20MICRONS,EQ,88.75,88.0,90.2,85.95,86.8,86.4,87.79,232270,2039023714999.9998,4065,86449,0.3722
2022-04-26,20MICRONS,EQ,86.4,87.75,89.2,87.0,87.35,87.15,87.95,221052,1944234860000.0002,4461,81716,0.3697
2022-04-27,20MICRONS,EQ,87.15,87.0,87.0,84.0,85.6,85.05,85.07,137362,1168595575000.0,2438,71334,0.5193
2022-04-28,20MICRONS,EQ,85.05,86.1,86.3,82.4,83.7,83.0,84.16,100566,846328200000.0,2568,53637,0.5334000000000001
2022-04-29,20MICRONS,EQ,83.0,83.3,85.5,80.1,80.15,81.0,82.7,130365,1078103280000.0001,3304,63910,0.4902
2022-05-02,20MICRONS,EQ,81.0,80.15,84.2,79.45,83.8,83.05,82.18,180184,1480773130000.0,3845,83220,0.4619
2022-05-04,20MICRONS,EQ,83.05,84.7,84.7,77.55,80.75,79.9,81.29,207894,1689980710000.0002,4916,110453,0.5313
2022-05-05,20MICRONS,EQ,79.9,81.2,94.3,80.6,91.5,91.7,90.04,2089159,18811075715000.0,29005,647608,0.31
2022-05-06,20MICRONS,EQ,91.7,88.95,92.85,85.6,90.5,91.1,89.39,859008,7679006540000.001,15795,250745,0.2919
2022-05-09,20MICRONS,EQ,91.1,89.6,91.0,83.4,87.0,87.3,88.2,572226,5046975665000.0,11497,174570,0.30510000000000004
2022-05-10,20MICRONS,EQ,87.3,87.0,90.3,83.05,83.3,83.55,87.3,489557,4274032865000.0,7530,150154,0.30670000000000003
2022-05-11,20MICRONS,EQ,83.55,84.2,84.7,79.0,80.5,80.4,81.13,298548,2422221030000.0,4802,132177,0.44270000000000004
2022-05-12,20MICRONS,EQ,80.4,79.35,83.4,77.15,77.95,78.1,79.62,320962,2555471735000.0,7609,81124,0.2528
2022-05-13,20MICRONS,EQ,78.1,79.3,83.7,79.1,79.75,79.55,81.2,195771,1589631750000.0,4029,65772,0.336
2022-05-16,20MICRONS,EQ,79.55,80.0,85.9,79.65,81.8,81.65,82.46,434799,3585445079999.9995,6842,77659,0.1786
2022-05-17,20MICRONS,EQ,81.65,81.75,86.9,81.35,84.0,84.3,84.76,364019,3085541745000.0,5414,121538,0.33390000000000003
2022-05-18,20MICRONS,EQ,84.3,85.0,87.65,84.2,85.5,85.3,85.86,132069,1133946100000.0,2721,63137,0.4781
2022-05-19,20MICRONS,EQ,85.3,82.2,86.7,81.75,84.1,83.45,84.39,282754,2386129035000.0,3598,147473,0.5216
2022-05-20,20MICRONS,EQ,83.45,85.5,88.0,83.65,84.25,84.1,84.86,93709,795242655000.0,2017,40548,0.43270000000000003
2022-05-23,20MICRONS,EQ,84.1,85.45,92.0,83.4,85.5,85.4,87.96,591142,5199914150000.0,7843,144293,0.2441
2022-05-24,20MICRONS,EQ,85.4,86.4,86.4,82.25,82.95,83.1,84.55,154919,1309890190000.0,2705,81831,0.5282
2022-05-25,20MICRONS,EQ,83.1,84.2,85.35,77.25,78.2,78.1,80.26,269534,2163156239999.9998,4342,149441,0.5544
2022-05-26,20MICRONS,EQ,78.1,78.7,79.8,74.5,76.7,77.1,76.84,167320,1285695210000.0,3209,78277,0.4678
2022-05-27,20MICRONS,EQ,77.1,78.05,79.45,77.0,78.0,77.55,78.05,94580,738241840000.0,2153,38166,0.4035
2022-05-30,20MICRONS,EQ,77.55,78.6,85.0,78.1,79.6,79.4,81.95,778080,6376318850000.0,8588,151489,0.19469999999999998
2022-05-31,20MICRONS,EQ,79.4,79.4,81.8,78.8,79.9,80.25,80.01,132742,1062073890000.0,2551,48952,0.3688
2022-06-01,20MICRONS,EQ,80.25,80.2,81.6,79.25,80.2,79.75,80.25,86207,691798570000.0,1658,32521,0.3772
2022-06-02,20MICRONS,EQ,79.75,79.85,81.9,79.7,80.1,80.1,80.56,130673,1052699030000.0001,2278,44015,0.3368
2022-06-03,20MICRONS,EQ,80.1,81.0,81.4,77.7,79.15,78.3,79.33,128774,1021526075000.0,2168,78541,0.6099
2022-06-06,20MICRONS,EQ,78.3,78.75,79.8,76.4,79.5,79.1,78.33,71057,556590370000.0,1997,26278,0.36979999999999996
2022-06-07,20MICRONS,EQ,79.1,78.5,80.3,78.15,79.25,78.75,79.01,84160,664972395000.0,1735,39697,0.4717
2022-06-08,20MICRONS,EQ,78.75,79.4,79.85,77.7,79.15,78.85,78.64,58058,456541795000.0,1234,26693,0.4598
2022-06-09,20MICRONS,EQ,78.85,78.5,81.0,77.65,78.35,78.2,79.03,129548,1023845115000.0,1968,45727,0.353
2022-06-10,20MICRONS,EQ,78.2,76.8,78.25,76.6,77.5,77.0,77.43,88939,688690855000.0,1135,61464,0.6911
2022-06-13,20MICRONS,EQ,77.0,76.45,76.45,72.2,74.5,73.6,74.57,126038,939869919999.9999,2161,86673,0.6877
2022-06-14,20MICRONS,EQ,73.6,75.0,75.0,71.65,72.25,72.85,73.74,67300,496248590000.00006,1525,33362,0.49570000000000003
2022-06-15,20MICRONS,EQ,72.85,72.5,79.2,72.5,72.85,73.05,75.75,261213,1978642350000.0,3854,50217,0.19219999999999998
2022-06-16,20MICRONS,EQ,73.05,74.05,74.75,68.0,69.0,68.9,70.78,141899,1004378569999.9999,2879,72468,0.5107
2022-06-17,20MICRONS,EQ,68.9,68.0,70.6,67.1,68.45,68.65,68.65,86403,593115990000.0,2219,32737,0.3789
2022-06-20,20MICRONS,EQ,68.65,68.05,68.9,60.35,63.0,61.85,62.93,175852,1106683095000.0,3453,106388,0.605
2022-06-21,20MICRONS,EQ,61.85,63.0,64.9,61.6,64.9,64.55,64.0,138795,888236265000.0,3146,60600,0.4366
2022-06-22,20MICRONS,EQ,64.55,63.2,66.85,62.6,65.0,63.7,64.5,86862,560268105000.0,2566,34017,0.39159999999999995
2022-06-23,20MICRONS,EQ,63.7,64.8,65.9,63.55,65.4,65.35,64.91,102288,663929750000.0,1832,42110,0.5593
